{
  "recording_date": "2026-04-15",
  "group_id": "demo_group",
  "window_duration_seconds": 300,
  "windows": {
    "0": {
      "count": 60,
      "mean": 0.054202,
      "median": 0.053134,
      "std": 0.006624,
      "min": 0.043034,
      "max": 0.068035,
      "amplitude": 0.025001,
      "active_ratio": 1.0,
      "coeff_variation": 0.122211,
      "percentiles": {
        "10": 0.0459435,
        "25": 0.04867975,
        "50": 0.053134,
        "75": 0.059391,
        "90": 0.06355290000000001
      },
      "trend_slope": 0.000208
    },
    "1": {
      "count": 60,
      "mean": 0.049377,
      "median": 0.045666,
      "std": 0.021628,
      "min": 0.036152,
      "max": 0.177575,
      "amplitude": 0.141423,
      "active_ratio": 1.0,
      "coeff_variation": 0.438013,
      "percentiles": {
        "10": 0.039204800000000005,
        "25": 0.04218325,
        "50": 0.0456665,
        "75": 0.04919725,
        "90": 0.052329200000000006
      },
      "trend_slope": -0.000106
    },
    "2": {
      "count": 59,
      "mean": 0.048537,
      "median": 0.04847,
      "std": 0.004298,
      "min": 0.037989,
      "max": 0.059294,
      "amplitude": 0.021305,
      "active_ratio": 1.0,
      "coeff_variation": 0.088553,
      "percentiles": {
        "10": 0.0430004,
        "25": 0.0458325,
        "50": 0.04847,
        "75": 0.051403000000000004,
        "90": 0.0542252
      },
      "trend_slope": 0.000124
    },
    "3": {
      "count": 60,
      "mean": 0.049061,
      "median": 0.049461,
      "std": 0.004078,
      "min": 0.037959,
      "max": 0.057355,
      "amplitude": 0.019396,
      "active_ratio": 1.0,
      "coeff_variation": 0.083129,
      "percentiles": {
        "10": 0.04375660000000001,
        "25": 0.04652275,
        "50": 0.049461000000000005,
        "75": 0.05162475,
        "90": 0.0542149
      },
      "trend_slope": -4.8e-05
    },
    "4": {
      "count": 59,
      "mean": 0.035664,
      "median": 0.036714,
      "std": 0.009635,
      "min": 0.017939,
      "max": 0.054212,
      "amplitude": 0.036273,
      "active_ratio": 0.966102,
      "coeff_variation": 0.270147,
      "percentiles": {
        "10": 0.0225674,
        "25": 0.026541000000000002,
        "50": 0.036714,
        "75": 0.043522000000000005,
        "90": 0.047277000000000007
      },
      "trend_slope": 9.1e-05
    },
    "5": {
      "count": 60,
      "mean": 0.043455,
      "median": 0.041785,
      "std": 0.008502,
      "min": 0.028061,
      "max": 0.059689,
      "amplitude": 0.031628,
      "active_ratio": 1.0,
      "coeff_variation": 0.195662,
      "percentiles": {
        "10": 0.0334442,
        "25": 0.0364265,
        "50": 0.0417845,
        "75": 0.05081575,
        "90": 0.0546998
      },
      "trend_slope": -3.7e-05
    },
    "6": {
      "count": 59,
      "mean": 0.049693,
      "median": 0.048826,
      "std": 0.010793,
      "min": 0.033241,
      "max": 0.066759,
      "amplitude": 0.033518,
      "active_ratio": 1.0,
      "coeff_variation": 0.217192,
      "percentiles": {
        "10": 0.036657999999999996,
        "25": 0.039886000000000005,
        "50": 0.048826,
        "75": 0.060962,
        "90": 0.0645214
      },
      "trend_slope": 2.8e-05
    },
    "7": {
      "count": 60,
      "mean": 0.052679,
      "median": 0.054435,
      "std": 0.015416,
      "min": 0.028207,
      "max": 0.081272,
      "amplitude": 0.053065,
      "active_ratio": 1.0,
      "coeff_variation": 0.292638,
      "percentiles": {
        "10": 0.0297008,
        "25": 0.0392955,
        "50": 0.054435,
        "75": 0.06495125,
        "90": 0.069797
      },
      "trend_slope": -0.000718
    },
    "8": {
      "count": 28,
      "mean": 0.042456,
      "median": 0.038594,
      "std": 0.010928,
      "min": 0.027797,
      "max": 0.069061,
      "amplitude": 0.041264,
      "active_ratio": 1.0,
      "coeff_variation": 0.257393,
      "percentiles": {
        "10": 0.0313117,
        "25": 0.034902749999999996,
        "50": 0.0385935,
        "75": 0.048403749999999995,
        "90": 0.059679
      },
      "trend_slope": -8.1e-05
    }
  },
  "daily_aggregate": {
    "count": 505,
    "mean": 0.047554,
    "median": 0.047555,
    "std": 0.012746,
    "min": 0.017939,
    "max": 0.177575,
    "amplitude": 0.159636,
    "active_ratio": 0.99604,
    "coeff_variation": 0.268031,
    "percentiles": {
      "10": 0.0337374,
      "25": 0.040788,
      "50": 0.047555,
      "75": 0.053081,
      "90": 0.0617424
    },
    "trend_slope": null
  }
}